<?xml version="1.0" encoding="UTF-8"?>
<addon id="plugin.video.bulsatcom"
version="2.0"
name="Bulsatcom"
provider-name="Roman_V_M">
<requires>
  <import addon="xbmc.python" version="2.24.0"/>
  <import addon="script.module.requests" version="2.9.1"/>
</requires>
<extension point="xbmc.python.pluginsource" library="main.py">
  <provides>video</provides>
</extension>
<extension point="xbmc.addon.metadata">
  <summary lang="en">Bulsatcom</summary>
  <description lang="en">player for bulsatcom.</description>
  <disclaimer lang="en">you need a valid bulsatcom account.</disclaimer>
  <assets>
    <icon>icon.png</icon>
    <fanart>fanart.jpg</fanart>
    <screenshot>resources\screenshot-01.jpg</screenshot>
    <screenshot>resources\screenshot-02.jpg</screenshot>
    <screenshot>resources\screenshot-03.jpg</screenshot>    
  </assets>
  <news>Updated with latest artwork metadata</news>
</extension>
</addon>
